ID,Term_EN,Term_DE,Definition_EN,Definition_DE,Domain,Safety_Level
AUG-1004,Loop Laugh,Loop-Lachen,,"Ein selbstverstärkender Humor-Loop zwischen Mensch und KI, der Spannung abbaut und Fehler entdramatisiert. Funktional, nicht kindisch.",fun,2
AUG-1046,Nudge Laugh,Schubs-Lachen,,"Eine humorvolle Korrektur, die Akzeptanz erleichtert.",fun,2
AUG-1052,Backward Laugh,Rückwärts-Lachen,,"Humor, der zeitversetzt wirkt: Erst versteht man den Witz, dann lacht man über die eigene Reaktion darauf.",fun,2
AUG-1037,Adjustment Aha,Anpassungs-Aha,,"Der Erkenntnismoment, dass nicht der Output falsch war, sondern die Eingabe unklar.",fun,2
AUG-0625,The Everyday Insight,,"An insight gained through AI interaction that changes the user in everyday life — a new perspective on an everyday phenomenon, a surprising connection, or a helpful reinterpretation. Related to AUG-0292 (The View Shift), AUG-0248 (The Surprise Angle), and AUG-0054 (Augmented Understanding).","Eine durch KI-Interaktion gewonnene Erkenntnis, die den Nutzer im Alltag verändert — eine neue Perspektive auf ein alltägliches Phänomen, eine überraschende Verbindung oder eine hilfreiche Umdeutung. Steht in Verbindung mit AUG-0292 (The View Shift), AUG-0248 (The Surprise Angle) und AUG-0054 (Augmented Understanding).",compendium,2
AUG-0670,The Rhetorical Tone Detector,,"The individual ability of a user to recognize and classify the rhetorical tone of an AI output — whether the AI formulates seriously, ironically, neutrally, or exaggeratingly. This ability varies strongly between users. Related to AUG-0669 (The Rhetorical Style Differential), AUG-0668 (The Humor Portability), and AUG-0451 (The Token Awareness).","Die individuelle Fähigkeit eines Nutzers, den rhetorischen Ton eines KI-Outputs zu erkennen und einzuordnen — ob die KI ernst, ironisch, neutral oder übertreibend formuliert. Diese Fähigkeit variiert stark zwischen Nutzern. Steht in Verbindung mit AUG-0669 (The Rhetorical Style Differential), AUG-0668 (The Humor Portability) und AUG-0451 (The Token Awareness).",compendium,2
AUG-1050,Surprise Salad,Überraschungs-Salat,,"Ein bewusst chaotischer Input-Mix, aus dem die KI unerwartete, oft kreative Kombinationen erzeugt. Surprise Salad lebt vom Mut zur Inkohärenz.",fun,2
AUG-1040,Humor Hook,Humor-Haken,,"Gezielter Humor, um Spannung zu lösen und Arbeitsfähigkeit zurückzugewinnen.",fun,2
AUG-1027,Joy Jolt,Freude-Impuls,,"Ein kurzer, unerwarteter Moment von Freude, der Energie freisetzt.",fun,2
AUG-1051,Giggle Chain,Kicher-Kette,,"Eine sich selbst verstärkende Abfolge humorvoller Reaktionen, die Leichtigkeit erzeugt und kognitive Blockaden löst.",fun,2
AUG-1044,Joy Fix,Freude-Fix,,"Kurze Intervention, um Motivation und positive Stimmung wiederherzustellen.",fun,2
AUG-1005,Pause Power,Pause-Power,,"Die bewusste Unterbrechung zwischen Output und neuem Input, um impulsive Reaktionen zu vermeiden und die Qualität der nächsten Frage zu erhöhen.",fun,2
AUG-0088,Algorithmic Intuition,,"The ability of experienced AI users to develop, through extended practice, a ""sense"" for which type of input produces which type of result — without having to consciously analyze this each time. Describes implicit knowledge about AI system behavior that forms through experience. Related to AUG-0133 (Prompt Craftsmanship), Phase 6 (Integrated Work State), and the System-Builder Profile (Profile 1).","Die Fähigkeit erfahrener KI-Nutzer, nach längerer Praxis ein ""Gespür"" dafür zu entwickeln, welche Art von Eingabe welche Art von Ergebnis erzeugt — ohne dies jedes Mal bewusst analysieren zu müssen. Beschreibt ein implizites Wissen über die Funktionsweise von KI-Systemen, das sich durch Erfahrung bildet. Steht in Verbindung mit AUG-0133 (Prompt Craftsmanship), Phase 6 (Integrated Work State) und dem System-Builder-Profil (Profil 1).",compendium,2
AUG-1030,Oops Moment,Hups-Moment,,"Der bewusst akzeptierte Fehltritt der KI, der als Lernsignal genutzt wird. Kein Ärger, sondern schnelle Korrektur und Weitergehen.",fun,2
AUG-1059,Day Highlight,Tages-Highlight,,Die bewusste Markierung eines positiven Moments zur emotionalen Integration des Tages.,fun,2
AUG-1012,Serenity Spark,Ruhe-Funke,,"Ein kleiner sprachlicher Impuls, der unverhältnismäßig viel innere Ruhe auslöst. Oft minimal, aber emotional wirksam.",fun,2
AUG-1054,Fun Correct,Spaß-Korrektur,,"Fehlerkorrektur im spielerischen Ton, die Lernbereitschaft erhält statt Abwehr auszulösen.",fun,2
AUG-1022,Pride Pulse,Stolz-Impuls,,"Der bewusste Moment, in dem erreichte Fortschritte gespiegelt werden, um Selbstwirksamkeit zu stärken.",fun,2
AUG-1025,Heart High,Herzens-Hoch,,"Ein emotional intensivierter Zustand von Verbundenheit, Freude oder Sinn.",fun,2
AUG-1032,Learn Smile,Lern-Lächeln,,"Die Fähigkeit, Fehler mit Gelassenheit zu registrieren, weil der Lerngewinn klar erkennbar ist.",fun,2
AUG-1058,Discovery Ding,Entdeckungs-Ding,,"Unerwartete Erkenntnisse, die nicht gesucht, aber als wertvoll erkannt werden.",fun,2
AUG-1026,Motivation Mend,Motivations-Reparatur,,Das gezielte Wiederherstellen von Motivation nach Frustration oder Erschöpfung.,fun,2
AUG-1010,Calm Wave,Ruhe-Welle,,"Ein regulierender Interaktionsmodus, bei dem die KI bewusst Tempo, Sprachrhythmus und Komplexität reduziert, um das wahrgenommene Tempo zu senken. Calm Wave ist kein Ablenken, sondern ein gezieltes Runterfahren.",fun,2
AUG-1029,Gratitude Glow,Dankbarkeits-Leuchten,,"Ein reflektiver Zustand, in dem positive Aspekte bewusst wahrgenommen und emotional verankert werden.",fun,2
AUG-1034,Twist Dance,Twist-Tanz,,"Der kreative Richtungswechsel, der zunächst irritiert, dann neue Qualität erzeugt.",fun,2
AUG-1064,Heart Reset,Herzens-Reset,,"Das bewusste Zurücksetzen emotionaler Überladung, um wieder in Kontakt mit eigenen Bedürfnissen zu kommen.",fun,2
AUG-1067,Daily Duo,Tages-Duo,,Die ritualisierte Zusammenarbeit von Mensch und KI im Alltag.,fun,2
AUG-1015,Calm Shift,Ruhe-Wechsel,,"Ein klar benannter Übergang von einem hektischen, problemlastigen Modus in einen ruhigeren, reflektierenden Zustand.",fun,2
AUG-1018,Harmony Hug,Harmonie-Umarmung,,"Ein Moment starker emotionaler Kohärenz, in dem innere Spannungen sich lösen und ein Gefühl von Stimmigkeit entsteht.",fun,2
AUG-1023,Excitement Bubble,Begeisterungs-Blase,,"Ein emotionaler Aufwärtsmoment, in dem Möglichkeiten größer wirken als Risiken.",fun,2
AUG-1042,Positive Pivot,Positiver Drehpunkt,,Die bewusste Umformulierung von Problemen in handhabbare Optionen.,fun,2
AUG-1066,No-Stress Swap,Stress-Tausch,,Das bewusste Ersetzen überfordernder Aufgaben durch realistischere Alternativen.,fun,2
AUG-1061,Gratitude Turn,Dankbarkeits-Dreh,,Der bewusste Perspektivwechsel von Mangel zu Wertschätzung.,fun,2
AUG-1006,Idea Rain,Ideen-Regen,,"Eine Phase hoher Divergenz, in der Quantität bewusst vor Qualität steht. Auswahl und Bewertung erfolgen erst danach.",fun,2
AUG-1014,Relaxation Edit,Entspannungs-Überarbeitung,,"Das bewusste Nachbearbeiten eines Textes oder Gesprächs mit dem Ziel, Druck, Härte oder Überforderung sprachlich zu reduzieren.",fun,2
AUG-1019,Calm Rewind,Ruhiger Rücklauf,,"Das bewusste Zurückspulen eines Gesprächs oder Denkprozesses, um ihn langsamer, klarer und bewusster neu zu beginnen.",fun,2
AUG-1043,Calm Reset,Ruhe-Reset,"A brief pause and re-center after intense AI interaction, allowing energy to return before the next task. Distinct from extended rest — a short reset built into the work rhythm.","Eine kurze Pause und Neuzentrierung nach intensiver KI-Interaktion, die Energie zurückkehren lässt vor der nächsten Aufgabe. Unterscheidet sich von ausgedehnter Erholung — ein kurzer Reset im Arbeitsrhythmus.",fun,2
AUG-1055,High-Five Moment,High-Five-Moment,,"Der Moment gemeinsamer Zufriedenheit, wenn Output, Intention und Ergebnis übereinstimmen.",fun,2
AUG-0368,The Syntax Smile,,"The brief pleasure a user feels when the AI delivers a particularly elegant, apt, or surprisingly beautiful formulation. Related to AUG-0194 (The Positive Surprise), AUG-0110 (The Joy Imperative), and AUG-0031 (Semantic Spark).","Das kurze Vergnügen, das ein Nutzer empfindet, wenn die KI eine besonders elegante, treffende oder überraschend schöne Formulierung liefert. Steht in Verbindung mit AUG-0194 (The Positive Surprise), AUG-0110 (The Joy Imperative) und AUG-0031 (Semantic Spark).",compendium,2
AUG-0918,The Gesture Language,,"The communication between humans and embodied AI systems through gestures — hand signals, posture, movements that the system recognizes and interprets. Related to AUG-0917 (The Touch Interface), AUG-0919 (The Spatial Awareness), and AUG-0914 (The Physical Presence).","Die Kommunikation zwischen Menschen und verkörperten KI-Systemen durch Gesten — Handzeichen, Körperhaltung, Bewegungen, die das System erkennt und interpretiert. Steht in Verbindung mit AUG-0917 (The Touch Interface), AUG-0919 (The Spatial Awareness) und AUG-0914 (The Physical Presence).",compendium,2
AUG-0975,The Vigilance Rhythm,Der Aufmerksamkeits-Rhythmus,The observation that sustained AI-output verification benefits from a paced cadence: deliberate verification at chosen checkpoints rather than continuous monitoring. A rhythm of focused review and trusted intervals preserves attention quality over longer interactions.,"Die Beobachtung, dass das Überprüfen von KI-Ergebnissen über lange Zeit von einem getakteten Rhythmus profitiert: gezieltes Prüfen an gewählten Checkpunkten statt durchgehender Kontrolle. Ein Rhythmus aus fokussiertem Review und vertrauten Intervallen erhält die Aufmerksamkeits-Qualität.",compendium,2
AUG-1002,Quick Kick,Quick-Kick,,"Ein extrem kurzer, präziser Prompt mit sofortiger Wirkung auf Motivation, Fokus oder Entscheidungsfähigkeit. Kein Tiefgang, sondern Startenergie.",fun,2
AUG-1008,Vibe Check,Vibe-Check,,"Kurze Meta-Abfrage zur emotionalen, sozialen oder kulturellen Passung eines Outputs – getrennt vom sachlichen Inhalt.",fun,2
AUG-1028,Inspiration Breeze,Inspirations-Hauch,,Ein leichter kreativer Anstoß ohne Verpflichtung zur Umsetzung.,fun,2
AUG-1031,Correction Kick,Korrektur-Kick,,"Ein kurzer, präziser Eingriff, der den Output wieder auf Kurs bringt, ohne den Flow zu unterbrechen.",fun,2
AUG-1069,Smooth Sail,Ruhige Fahrt,,Ein Zustand reibungsloser Zusammenarbeit ohne Reibungsverluste oder Korrekturbedarf.,fun,2
AUG-1060,Gratitude Drop,Dankbarkeits-Tropfen,,"Ein einzelner Fokuspunkt, der Dankbarkeit konkret und greifbar macht.",fun,2
AUG-1003,Word Hunt,Wort-Jagd,,"Der kollaborative Suchprozess nach der einen Formulierung, die Bedeutung, Ton und Kontext exakt trifft. Entscheidend ist das iterative Nachschärfen.",fun,2
AUG-1011,Relaxation Breath,Entspannungs-Atem,,"Eine kurze, angeleitete Atem- oder Aufmerksamkeitsintervention durch die KI, um Stress zu senken oder einen Übergang zwischen kognitiven Zuständen zu ermöglichen.",fun,2
AUG-1013,Feel-Good Warm,Wohlfühl-Wärme,,"Ein emotional unterstützender Interaktionsstil, der Sicherheit, Zugehörigkeit und Akzeptanz vermittelt – ohne Problemlösung zu erzwingen.",fun,2
AUG-1017,Gentle Layer,Sanfte Schicht,,"Eine zusätzliche emotionale oder sprachliche Ebene, die Härte puffert und Kommunikation verträglicher macht, ohne Inhalte zu verzerren.",fun,2
AUG-1035,Gentle Nudge,Sanfter Schubs,,"Eine minimale Erinnerung oder Korrektur, die Orientierung gibt, ohne Druck auszuüben.",fun,2
AUG-1036,Mistake Friend,Fehler-Freund,,"Ein Umgang mit Fehlern, der sie als normale Begleiter produktiver Arbeit integriert.",fun,2
AUG-1038,Chill Comeback,Entspanntes Zurückkommen,,Die stressfreie Rückkehr zu einem Thema nach Unterbrechung oder Missverständnis.,fun,2
AUG-1041,Flex Flow,Flexibler Flow,,"Der Zustand, in dem Anpassungen erfolgen, ohne den Arbeitsfluss zu verlieren.",fun,2
AUG-1045,Drift Fix,Abdrift-Korrektur,,Das gezielte Zurückholen eines Gesprächs zum Kernziel.,fun,2
AUG-1047,Bounce Back,Zurückfedern,,Die schnelle emotionale Erholung nach einem Fehlversuch.,fun,2
AUG-1053,Smile Boost,Lächel-Boost,,"Ein kurzer emotionaler Aufheller, der Stimmung hebt, ohne Ablenkung oder Euphorisierung.",fun,2
AUG-1056,Mini Magic,Mini-Magie,,"Kleine, alltagsnahe KI-Eingriffe, die unverhältnismäßig nützlich wirken.",fun,2
AUG-1057,Flow Friend,Flow-Freund,,"Die KI als unaufdringlicher Begleiter, der den Arbeitsfluss unterstützt, ohne ihn zu dominieren.",fun,2
AUG-1063,Contentment Zone,Zufriedenheits-Zone,,"Ein stabiler Zustand innerer Ruhe, in dem kein Optimierungsdruck besteht.",fun,2
AUG-1068,End-of-Day High,Tagesabschluss-Hoch,,"Ein positiver emotionaler Abschluss, der den Tag abrundet und Integration ermöglicht.",fun,2
AUG-1009,Reset Noise,Reset-Rauschen,,"Absichtlich ungeordneter Input, um festgefahrene Denkpfade zu verlassen. Struktur entsteht erst im zweiten Schritt.",fun,2
AUG-1020,Motivation Fire,Motivations-Feuer,,"Ein aktivierender Impuls, der Handlungsenergie freisetzt, ohne zu überfordern. Kurz, klar, nach vorne gerichtet.",fun,2
AUG-1033,Reset Ruck,Reset-Ruck,,"Ein klarer Neustart, wenn sich Gedanken oder Dialog verheddert haben.",fun,2
AUG-1065,Morning Magic,Morgen-Magie,,"Ein strukturierender, positiver Einstieg in den Tag durch kurze KI-Interaktion.",fun,2
AUG-0204,The Conversational Afterimage,,"The aftereffect of an intensive AI session in which the user adopts formulations, thinking structures, or argumentation patterns from the AI dialogue into their everyday communication — often unconsciously. Related to AUG-0046 (The Felt Echo), AUG-0003 (Fluide Identitätsmorphologie), and AUG-0125 (The Feedback Effect).","Die Nachwirkung einer intensiven KI-Sitzung, bei der der Nutzer Formulierungen, Denkstrukturen oder Argumentationsmuster aus dem KI-Dialog in seine alltägliche Kommunikation übernimmt — oft unbewusst. Steht in Verbindung mit AUG-0046 (The Felt Echo), AUG-0003 (Fluide Identitätsmorphologie) und AUG-0125 (The Feedback Effect).",compendium,2
AUG-0045,Indexical Memory,,The shift of the memory function from content knowledge to knowledge about storage location. The user no longer remembers the information itself but where and how to retrieve it via AI. Describes a fundamental shift in personal knowledge management in the AI era. Related to AUG-0014 (The Extended Mind Map) and AUG-0015 (The Outer Mind).,"Die Verlagerung der Erinnerungsfunktion vom inhaltlichen Wissen hin zum Wissen über den Speicherort. Der Nutzer merkt sich nicht mehr die Information selbst, sondern wo und wie er sie über KI abrufen kann. Beschreibt eine fundamentale Verschiebung im persönlichen Wissensmanagement der KI-Ära. Steht in Verbindung mit AUG-0014 (The Extended Mind Map) und AUG-0015 (The Outer Mind).",compendium,2
AUG-0345,The Wall Check,,"The moment a user encounters the limits of an AI system — the AI cannot solve the task, provides faulty information, or reveals comprehension limits. Describes the productive experience of learning a system's limitations. Related to Axiom 9 (Productive Skepticism), AUG-0177 (The Trust Setting), and AUG-0176 (The Capability Discovery).","Der Moment, in dem ein Nutzer an die Grenzen eines KI-Systems stößt — die KI kann die Aufgabe nicht lösen, gibt fehlerhafte Informationen oder zeigt Verständnisgrenzen auf. Beschreibt die produktive Erfahrung, die Limitationen eines Systems kennenzulernen. Steht in Verbindung mit Axiom 9 (Produktiver Skeptizismus), AUG-0177 (The Trust Setting) und AUG-0176 (The Capability Discovery).",compendium,2
AUG-1007,Clarity Click,Klarheits-Klick,,"Der abrupte Übergang von diffuser Unsicherheit zu klarer mentaler Struktur, oft ausgelöst durch eine präzise Spiegelung der KI.",fun,2
AUG-1016,Relaxed Return,Entspannter Rückweg,,"Das sanfte Wiederanknüpfen an ein Thema nach Überforderung, Ablenkung oder Abbruch – ohne Schuldzuweisung oder Druck.",fun,2
AUG-1021,Energy Kiss,Energie-Kuss,,"Eine kleine, freundliche Bestätigung, die Energie gibt, ohne Leistungsdruck aufzubauen.",fun,2
AUG-1024,Optimism Opener,Optimismus-Öffner,,"Eine Perspektivverschiebung hin zu Chancen, ohne Probleme zu verleugnen.",fun,2
AUG-1039,Light Swing,Licht-Schwenk,,Ein mentaler Umschwung von Frust zu konstruktiver Offenheit.,fun,2
AUG-1048,Soft Landing,Sanfte Landung,,Das Abmildern überzogener Ideen in realisierbare Schritte.,fun,2
AUG-1049,Grin Shift,Grinsen-Wechsel,,Der Übergang von Anspannung zu Leichtigkeit durch kleine positive Impulse.,fun,2
AUG-1062,Lightness Lift,Leichtigkeits-Lift,,Das gezielte Reduzieren innerer Schwere durch sprachliche oder perspektivische Entlastung.,fun,2
AUG-0089,The Pattern Sharpening,,"The effect whereby a user, through regular AI interaction, improves their ability to recognize patterns in data, texts, or arguments — the AI indirectly trains the human's pattern recognition. Describes a positive feedback effect of AI use on human analytical ability. Related to AUG-0054 (Augmented Understanding) and AUG-0088 (Algorithmic Intuition).","Der Effekt, dass ein Nutzer durch regelmäßige KI-Interaktion seine Fähigkeit verbessert, Muster in Daten, Texten oder Argumenten zu erkennen — die KI trainiert indirekt die Mustererkennung des Menschen. Beschreibt einen positiven Rückkopplungseffekt der KI-Nutzung auf die menschliche Analysefähigkeit. Steht in Verbindung mit AUG-0054 (Augmented Understanding) und AUG-0088 (Algorithmic Intuition).",compendium,2
AUG-0422,The Calibrated Trust,Das Kalibrierte Vertrauen,"The user practice of matching AI-output confidence to verification effort: high-stakes outputs receive verification, routine outputs receive proportional checks. Trust is shaped by context rather than uniformly granted or withheld.","Die Nutzer-Praxis, das Vertrauen in KI-Ergebnisse an den Verifikations-Aufwand zu koppeln: wichtige Ergebnisse werden geprüft, Routine-Ergebnisse erhalten verhältnismäßige Checks. Vertrauen wird durch den Kontext gestaltet.",compendium,2
AUG-0614,The Synthetic Spotting,,"The ability to recognize AI-generated content — through stylistic features, typical formulation patterns, or content indicators. Related to AUG-0378 (The Turing Suspicion), AUG-0452 (The Reality Blur), and AUG-0088 (Algorithmic Intuition).","Die Fähigkeit, KI-generierte Inhalte zu erkennen — durch stilistische Merkmale, typische Formulierungsmuster oder inhaltliche Indikatoren. Steht in Verbindung mit AUG-0378 (The Turing Suspicion), AUG-0452 (The Reality Blur) und AUG-0088 (Algorithmic Intuition).",compendium,2
AUG-0775,The KI-Free Zone,,"The conscious establishment of areas — spatial, temporal, or thematic — in which AI use is excluded. Related to AUG-0773 (The Conscious Refusal), AUG-0632 (The Offline Moment), and AUG-0565 (The Balance Filter).","Die bewusste Einrichtung von Bereichen — räumlich, zeitlich oder thematisch — in denen KI-Nutzung ausgeschlossen ist. Steht in Verbindung mit AUG-0773 (The Conscious Refusal), AUG-0632 (The Offline Moment) und AUG-0565 (The Balance Filter).",compendium,2
AUG-0260,The Plot Twist Partner,,"The use of AI as a creative sparring partner for narrative twists — in stories, presentations, pitches, or argumentation chains. Describes the AI's function as a supplier of unexpected plot changes and alternative storylines. Related to AUG-0235 (The Brainstorm Spark), AUG-0248 (The Surprise Angle), and the Experimenter Profile (Profile 4).","Die Nutzung von KI als kreativer Sparringspartner für narrative Wendungen — in Geschichten, Präsentationen, Pitches oder Argumentationsketten. Beschreibt die KI-Funktion als Lieferant unerwarteter Handlungswechsel und alternativer Erzählstränge. Steht in Verbindung mit AUG-0235 (The Brainstorm Spark), AUG-0248 (The Surprise Angle) und dem Experimenter-Profil (Profil 4).",compendium,2
AUG-0370,The Pet Lookup,,"The use of AI for quick information gathering on pet care questions — feeding, behavior, health prevention, species-appropriate husbandry. Describes a specific everyday application of Just-in-Time Competence (AUG-0043). Related to AUG-0251 (The Kitchen Table) and AUG-0216 (The Parenting Update).","Die Nutzung von KI zur schnellen Informationsbeschaffung in Tierhaltungsfragen — Fütterung, Verhalten, Gesundheitsvorsorge, Artgerechte Haltung. Beschreibt eine spezifische Alltagsanwendung von Just-in-Time Competence (AUG-0043). Steht in Verbindung mit AUG-0251 (The Kitchen Table) und AUG-0216 (The Parenting Update).",compendium,2
AUG-0430,The Vintage Loop,,"The return to an old, proven AI workflow after a new approach did not bring the desired success — the recognition that the established sometimes works better than the newest. Related to AUG-0382 (The Architect's Exit), AUG-0277 (The Loyalty Glitch), and AUG-0207 (The Return to Manual).","Die Rückkehr zu einem alten, bewährten KI-Workflow, nachdem ein neuer Ansatz nicht den gewünschten Erfolg gebracht hat — die Erkenntnis, dass das Bewährte manchmal besser funktioniert als das Neueste. Steht in Verbindung mit AUG-0382 (The Architect's Exit), AUG-0277 (The Loyalty Glitch) und AUG-0207 (The Return to Manual).",compendium,2
AUG-0534,The Hidden Angle Finder,,"The use of AI to discover a previously unconsidered perspective in a familiar topic — the hidden angle the user would not have found alone. Related to AUG-0248 (The Surprise Angle), AUG-0040 (Perspective Triangulation), and AUG-0225 (The Unexpected Voice).","Die Nutzung von KI, um in einem bekannten Thema eine bisher nicht betrachtete Perspektive zu entdecken — der verborgene Winkel, den der Nutzer allein nicht gefunden hätte. Steht in Verbindung mit AUG-0248 (The Surprise Angle), AUG-0040 (Perspective Triangulation) und AUG-0225 (The Unexpected Voice).",compendium,2
AUG-0639,The Duplicate Notice,,"The user's recognition that an AI response is substantively a repetition of an earlier response — differently formulated but identical in core. Related to AUG-0560 (The Conversation Loop), AUG-0383 (The Context Collapse), and AUG-0088 (Algorithmic Intuition).","Die Erkenntnis des Nutzers, dass eine KI-Antwort inhaltlich eine Wiederholung einer früheren Antwort ist — verschieden formuliert, aber im Kern identisch. Steht in Verbindung mit AUG-0560 (The Conversation Loop), AUG-0383 (The Context Collapse) und AUG-0088 (Algorithmic Intuition).",compendium,2
AUG-0675,The Role-Aware Input,,"An input pattern in which the user incorporates social roles into the formulation — ""As a parent I need…,"" ""In my function as…."" The input is contextualized through the user's role. Related to AUG-0491 (The State Label), AUG-0650 (The Context-Sensitive Query), and AUG-0524 (The Context Layer).","Ein Eingabemuster, bei dem der Nutzer soziale Rollen in die Formulierung einbezieht — ""Als Elternteil brauche ich…"", ""In meiner Funktion als…"". Die Eingabe wird durch die Rolle des Nutzers kontextualisiert. Steht in Verbindung mit AUG-0491 (The State Label), AUG-0650 (The Context-Sensitive Query) und AUG-0524 (The Context Layer).",compendium,2
AUG-0711,The Accent Persistence,,"The observation that the phonetic patterns of a user's first language show through even in written AI inputs — sentence melody, word order, punctuation, and formulation patterns carry a ""written accent."" Related to AUG-0683 (The Origin Language), AUG-0691 (The Dialect Decoder), and AUG-0706 (The Mother Tongue Comfort).","Die Beobachtung, dass die phonetischen Muster der Erstsprache eines Nutzers auch in schriftlichen KI-Eingaben durchscheinen — Satzmelodie, Wortstellung, Interpunktion und Formulierungsmuster tragen einen ""schriftlichen Akzent"". Steht in Verbindung mit AUG-0683 (The Origin Language), AUG-0691 (The Dialect Decoder) und AUG-0706 (The Mother Tongue Comfort).",compendium,2
AUG-0901,The Emergent Coordination,,"The observation that in multi-agent systems, coordination patterns can emerge that were not explicitly programmed — the interaction of subsystems produces behavior not intended in the individual systems. Related to AUG-0900 (The Distributed Coordination), AUG-0948 (The Scope Creep Alert), and AUG-0949 (The Unintended Action).","Die Beobachtung, dass in Multi-Agenten-Systemen Koordinationsmuster entstehen können, die nicht explizit programmiert wurden — die Interaktion der Teilsysteme erzeugt Verhalten, das in den Einzelsystemen nicht vorgesehen war. Steht in Verbindung mit AUG-0900 (The Distributed Coordination), AUG-0948 (The Scope Creep Alert) und AUG-0949 (The Unintended Action).",compendium,2
AUG-0001,Augmanitai,,"A framework concept describing the conscious, productive collaboration between humans and AI in everyday contexts. The term combines ""augmentation"" (enhancement) with ""humanitai"" (a neologism for human-centered AI use). Unlike the term ""artificial intelligence,"" which centers the machine, Augmanitai describes exclusively the human perspective during collaboration. Foundational term for the entire framework; referenced across all 21 Axioms, 9 Dimensions, and 7 Phases.","Ein Rahmenkonzept, das die bewusste, produktive Zusammenarbeit zwischen Mensch und KI im Alltag beschreibt. Der Begriff verbindet ""Augmentation"" (Erweiterung) mit ""Humanitai"" (ein Neologismus für menschenzentrierte KI-Nutzung). Im Gegensatz zum Fachbegriff ""Künstliche Intelligenz"", der die Maschine in den Mittelpunkt stellt, beschreibt Augmanitai ausschließlich die menschliche Perspektive während der Zusammenarbeit. Grundbegriff des gesamten Rahmenwerks; wird in allen 21 Axiomen, 9 Dimensionen und 7 Phasen referenziert.",compendium,1
AUG-0005,The Integrated Operator,,"A user type who does not treat AI as a separate tool but has seamlessly integrated it into their entire working and thinking process. The Integrated Operator moves fluidly between their own thinking and AI assistance without a conscious ""switching moment."" Describes an advanced state typically reached in Phase 6 (Integrated Work State). Differs from the Conductor Profile (Profile 12) in that the Integrated Operator merges rather than delegates.","Ein Nutzertyp, der KI nicht als separates Werkzeug behandelt, sondern sie nahtlos in seinen gesamten Arbeits- und Denkprozess integriert hat. Der Integrated Operator wechselt fließend zwischen eigenem Denken und KI-Unterstützung, ohne dass ein bewusster ""Umschaltmoment"" stattfindet. Beschreibt einen fortgeschrittenen Zustand, der typischerweise in Phase 6 (Integrated Work State) erreicht wird. Unterscheidet sich vom Conductor-Profil (Profil 12) dadurch, dass der Integrated Operator weniger delegiert und mehr verschmilzt.",compendium,1
AUG-0016,Poly-Categorical Mesh,,"The ability of an AI-assisted user to simultaneously connect knowledge from different disciplines into a new, interdisciplinary result. This phenomenon becomes possible at this speed and breadth only through AI and instant access to domain knowledge (just-in-time) — a single human without AI would need years of training across multiple disciplines to produce comparable connections. Related to Taxonomy Dimension 9 (Output Depth: Collage vs. Novelty), AUG-0012 (Synthetischer Polymath), and AUG-0043 (Just-in-Time Competence).","Die Fähigkeit eines KI-unterstützten Nutzers, Wissen aus verschiedenen Fachbereichen gleichzeitig zu einem neuen, fachübergreifenden Ergebnis zu verknüpfen. Dieses Phänomen wird erst durch KI und den sofortigen Zugang zu Fachwissen (Just-in-Time) in dieser Geschwindigkeit und Breite möglich — ein einzelner Mensch ohne KI bräuchte jahrelange Ausbildung in mehreren Disziplinen, um vergleichbare Verknüpfungen herzustellen. Steht in Verbindung mit Dimension 9 der Taxonomie (Output Depth: Collage vs. Novelty), AUG-0012 (Synthetischer Polymath) und AUG-0043 (Just-in-Time Competence).",compendium,2
AUG-0047,The Echo Courage,,"The phenomenon that a user, after a confirming AI interaction, gains more confidence to defend an idea before other people. The AI serves as an initial sounding board: if the idea holds there, the user is more likely to carry it into the real world. Related to AUG-0166 (The Borrowed Confidence) and AUG-0232 (The Courage Click).","Das Phänomen, dass ein Nutzer nach einer bestätigenden KI-Interaktion mehr Zuversicht hat, eine Idee auch gegenüber anderen Menschen zu vertreten. Die KI dient als erster Resonanzraum: Wenn die Idee dort besteht, traut sich der Nutzer eher, sie in die reale Welt zu tragen. Steht in Verbindung mit AUG-0166 (The Borrowed Confidence) und AUG-0232 (The Courage Click).",compendium,2
AUG-0092,Output Asymmetry,,The phenomenon that the effort required to produce a result drops drastically through AI assistance while the quality and scope of the result can remain equal or increase. Describes the fundamental shift in the input-to-output ratio in the AI era. Related to Phase 6 (Integrated Work State) and AUG-0062 (The Lightness Factor).,"Das Phänomen, dass der Aufwand für die Erstellung eines Ergebnisses durch KI-Unterstützung drastisch sinkt, während die Qualität und der Umfang des Ergebnisses gleich bleiben oder steigen können. Beschreibt die grundlegende Verschiebung des Verhältnisses von Input zu Output in der KI-Ära. Steht in Verbindung mit Phase 6 (Integrated Work State) und AUG-0062 (The Lightness Factor).",compendium,2
AUG-0999,The Forward Assessment,,"The attempt to assess the future development of the human-AI relationship — acknowledging the fundamental uncertainty of any such assessment. The lexicon documents the current state, not the future. What stands here is a snapshot — not a roadmap. Related to AUG-0998 (The Parallel Development Path), AUG-0853 (The Social Contract Debate), and AUG-1000 (The Open Question).","Der Versuch, die zukünftige Entwicklung der Mensch-KI-Beziehung einzuschätzen — unter Anerkennung der grundlegenden Unsicherheit jeder solchen Einschätzung. Das Lexikon dokumentiert den aktuellen Stand, nicht den zukünftigen. Was hier steht, ist eine Momentaufnahme — kein Fahrplan. Steht in Verbindung mit AUG-0998 (The Parallel Development Path), AUG-0853 (The Social Contract Debate) und AUG-1000 (The Open Question).",compendium,2
AUG-0041,The Scatter Spark,,"The phenomenon whereby seemingly randomly scattered AI outputs — including those not directly matching the query — trigger unexpected associations and idea connections in the user. Describes the creative value of ""noise"" in AI interactions. Related to AUG-0031 (Semantic Spark) and AUG-0070 (The Surprise Field).","Das Phänomen, dass scheinbar zufällig gestreute KI-Outputs — auch solche, die nicht direkt zur Anfrage passen — unerwartete Assoziationen und Ideenverbindungen beim Nutzer auslösen. Beschreibt den kreativen Wert des ""Nebengeräuschs"" in KI-Interaktionen. Steht in Verbindung mit AUG-0031 (Semantic Spark) und AUG-0070 (The Surprise Field).",compendium,2
AUG-0194,The Positive Surprise,,"An AI response that positively exceeds the user's expectations in quality, depth, or perspective. Describes the moment when the AI delivers more than the user expected — thereby increasing trust in the collaboration. Related to AUG-0070 (The Surprise Field), AUG-0031 (Semantic Spark), and AUG-0177 (The Trust Setting).","Eine KI-Antwort, die die Erwartungen des Nutzers in Qualität, Tiefe oder Perspektive positiv übertrifft. Beschreibt den Moment, in dem die KI mehr liefert, als der Nutzer erwartet hat — und dadurch das Vertrauen in die Zusammenarbeit steigt. Steht in Verbindung mit AUG-0070 (The Surprise Field), AUG-0031 (Semantic Spark) und AUG-0177 (The Trust Setting).",compendium,2
AUG-0220,The Gratitude Paradox,,"The paradoxical observation that some users thank an AI more genuinely than they thank people — because the fear of social evaluation is absent and gratitude can be expressed uninhibitedly. Related to AUG-0128 (The Gratitude Response), AUG-0241 (The Thank You Reflex), and AUG-0201 (The Proxy Closeness).","Die paradoxe Beobachtung, dass manche Nutzer sich bei einer KI aufrichtiger bedanken als bei Menschen — weil die Angst vor sozialer Bewertung entfällt und die Dankbarkeit unbefangen ausgedrückt werden kann. Steht in Verbindung mit AUG-0128 (The Gratitude Response), AUG-0241 (The Thank You Reflex) und AUG-0201 (The Proxy Closeness).",compendium,2
AUG-0305,The Seasonal User,,"A user whose AI intensity fluctuates depending on life phase, project load, or season — sometimes intensive daily use, sometimes weeks-long pauses. Describes the observation that AI use need not be a linear process. Related to AUG-0141 (The Spectrum Framework), AUG-0120 (The Range Framework), and AUG-0316 (The Own Pace).","Ein Nutzer, dessen KI-Intensität je nach Lebensphase, Projektlast oder Jahreszeit schwankt — mal intensive tägliche Nutzung, mal wochenlange Pausen. Beschreibt die Beobachtung, dass KI-Nutzung kein linearer Prozess sein muss. Steht in Verbindung mit AUG-0141 (The Spectrum Framework), AUG-0120 (The Range Framework) und AUG-0316 (The Own Pace).",compendium,2
AUG-0330,The Source Curiosity,Die Quellen-Neugier,"The user's interest in tracing the origin and grounding of AI-generated statements — a productive curiosity about where information comes from, supporting informed evaluation of AI outputs.","Das Interesse, die Herkunft und Begründung von KI-Aussagen nachzuvollziehen — eine produktive Neugier auf die Quellen, die eine informierte Bewertung der KI-Ergebnisse stützt.",compendium,2
AUG-0435,The Dinner Shortcut,,"The quick AI query for everyday food decisions — ""What can I cook with these ingredients?"", ""What fits as a side dish?"" Describes the lowest-threshold form of AI use in the household. Related to AUG-0266 (The Recipe Riff), AUG-0251 (The Kitchen Table), and AUG-0373 (The Quick Check).","Die schnelle KI-Abfrage für alltägliche Essensentscheidungen — ""Was kann ich mit diesen Zutaten kochen?"", ""Was passt als Beilage?"" Beschreibt die niedrigschwelligste Form der KI-Nutzung im Haushalt. Steht in Verbindung mit AUG-0266 (The Recipe Riff), AUG-0251 (The Kitchen Table) und AUG-0373 (The Quick Check).",compendium,2
AUG-0520,The Wiki Wormhole,,"The phenomenon where a simple AI question leads to a chain of follow-up questions that pulls the user deep into a topic — comparable to the ""Wikipedia hole"" but AI-driven. Related to AUG-0342 (The Curiosity Loop), AUG-0413 (The Infinite Scroll), and AUG-0458 (The Curiosity Drill).","Das Phänomen, bei dem eine einfache KI-Frage zu einer Kette von Folgefragen führt, die den Nutzer tief in ein Thema hineinzieht — vergleichbar mit dem ""Wikipedia-Loch"", aber KI-gesteuert. Steht in Verbindung mit AUG-0342 (The Curiosity Loop), AUG-0413 (The Infinite Scroll) und AUG-0458 (The Curiosity Drill).",compendium,2
AUG-0565,The Balance Filter,,"The conscious strategy of balancing AI use and non-digital activities — through fixed times, rules, or routines that ensure AI enriches everyday life rather than dominating it. Related to AUG-0074 (Analog Anchors), AUG-0282 (The Dinner Table Pause), and Axiom 7 (The Return Principle).","Die bewusste Strategie, KI-Nutzung und nicht-digitale Aktivitäten in ein Gleichgewicht zu bringen — durch feste Zeiten, Regeln oder Routinen, die sicherstellen, dass KI den Alltag bereichert, nicht dominiert. Steht in Verbindung mit AUG-0074 (Analog Anchors), AUG-0282 (The Dinner Table Pause) und Axiom 7 (Rückkehr-Prinzip).",compendium,2
AUG-0981,The Companion Pattern,Das Begleiter-Muster,"The pattern where users integrate AI assistance into daily routines as a steady companion for thinking, drafting, and exploration. Best experienced as complement to human reflection rather than substitute — co-presence rather than replacement.","Das Muster, KI-Unterstützung als beständigen Begleiter im Alltag zu integrieren — für Denken, Entwürfe und Exploration. Am besten als Ergänzung zur menschlichen Reflexion erlebt, nicht als Ersatz.",compendium,2
